username,hashtag,count
diyanettv,diyanettv,2279
diyanettv,gününbereketi,21
diyanettv,güvenlei̇zleyin,250
diyanettv,gününduası,80
diyanettv,ayet,114
diyanettv,hadis,114
diyanettv,dua,114
diyanettv,hayırlısabahlar,89
diyanettv,hayırlıcumalar,64
diyanettv,manavgat,4
diyanettv,kayseri,2
diyanettv,mersin,3
diyanettv,adana,3
diyanettv,marmaris,3
diyanettv,türkiye,1
diyanettv,osmaniye,1
diyanettv,bilbakalım,6
diyanettv,kuranıkerim,113
diyanettv,birhadis,92
diyanettv,ayasofya,1
diyanettv,bisikletliseyyah,3
diyanettv,kurbanbayramı,23
diyanettv,sıkçasorulansorular,38
diyanettv,eidaladh,1
diyanettv,kurbanınıpaylaş,23
diyanettv,15temmuz,25
diyanettv,türkiyegeçilmez,18
diyanettv,ömerhalisdemir,1
diyanettv,srebrenitsa,3
diyanettv,ayasofyacamii,3
diyanettv,canlıyayın,300
diyanettv,adımadımi̇nsan,12
diyanettv,i̇yilikvakti,75
diyanettv,yenigünemerhaba,227
diyanettv,i̇lkkurbanımi̇lki̇yiliğim,5
diyanettv,gençlerindilinden,62
diyanettv,fuatsezgin,2
diyanettv,helalkazancınalınteri,24
diyanettv,iyikivarsıneren,1
diyanettv,muhammedmursi,1
diyanettv,birayet,13
diyanettv,bizimçocuklar,1
diyanettv,euro2020,1
diyanettv,aybükeyalçın,1
diyanettv,ailemizinhekimi,21
diyanettv,farklıbakış,56
diyanettv,diyanetesoralım,112
diyanettv,dünyaçevregünü,1
diyanettv,hayatadokunanlar,32
diyanettv,dijitalyayıncılık,10
diyanettv,diniyayınlarkongresi,9
diyanettv,i̇stanbulunfethi,3
diyanettv,29mayıs1453,1
diyanettv,taksimcamii,2
diyanettv,i̇stanbul,3
diyanettv,necipfazılkısakürek,1
diyanettv,gencligedeger,1
diyanettv,medyavei̇slamofobisempozyumu,1
diyanettv,19mayıs,1
diyanettv,filistineumutol,5
diyanettv,i̇şaretdili,4
diyanettv,mescidiaksa,9
diyanettv,kudüs,1
diyanettv,ramazanbayramı,5
diyanettv,şifaayıramazan,178
diyanettv,birdua,29
diyanettv,i̇ftarbereketi,29
diyanettv,ramazansözlüğü,8
diyanettv,ramazan,21
diyanettv,sonsahur,1
diyanettv,mescidiaksai̇şgalaltında,1
diyanettv,annelergünü,1
diyanettv,kadirgecesi,8
diyanettv,onuanlamak,9
diyanettv,kardeşliğimizzekatlabereketlensin,16
diyanettv,sahur,2
diyanettv,fatihsultanmehmethan,1
diyanettv,kutülamare,1
diyanettv,hadisişerif,20
diyanettv,sabahnamazı,3
diyanettv,güvenlei̇zleyi,1
diyanettv,23nisankutluolsun,3
diyanettv,instagram,1
diyanettv,canlı,6
diyanettv,i̇ftarahazırlık,2
diyanettv,şehitlerhaftası,1
diyanettv,hayırlıramazanlar,1
diyanettv,i̇ftarıbeklerken,1
diyanettv,bereketvakti,1
diyanettv,polishaftası,1
diyanettv,oruç,1
diyanettv,beklenensensin,4
diyanettv,diyanetesoralı,1
diyanettv,niçini̇nanıyorum,57
diyanettv,diyanetsözlüğü,11
diyanettv,üçaylar,5
diyanettv,mehmetselimkiraz,1
diyanettv,beratgecesi,7
diyanettv,beratgecemiz,3
diyanettv,dinigündem,25
diyanettv,dünyasugünü,2
diyanettv,22martdünyasugünü,1
diyanettv,downsendromu,1
diyanettv,evdeyiz,24
diyanettv,cumahutbesi,1
diyanettv,çanakkalegeçilmez,6
diyanettv,18martcanakkalezaferi,3
diyanettv,18martçanakkalezaferi,4
diyanettv,çanakkale,1
diyanettv,çanakkalezaferi,1
diyanettv,14marttıpbayramı,1
diyanettv,i̇stiklalmarşı100yaşında,3
diyanettv,i̇stiklalmarşı,1
diyanettv,istiklalmarsı100yasında,1
diyanettv,miraçkandili,1
diyanettv,8martdünyakadınlargünü,1
diyanettv,bitlis,2
diyanettv,niçini̇nanıyoruz,3
diyanettv,selahaddineyyubi,1
diyanettv,yeşilay,1
diyanettv,yeşilayhaftası,2
diyanettv,yeşilayhepbenimle,1
diyanettv,gününhadisi,18
diyanettv,hocalıkatliamı,1
diyanettv,fotoğraf,3
diyanettv,şekerhoca,18
diyanettv,regaibkandili,4
diyanettv,kahrolsunpkk,2
diyanettv,unutursanyetimkalır,5
diyanettv,çocuki̇lahileri,1
diyanettv,abdülhamidhan,1
diyanettv,sigarayıbırakmagünü,1
diyanettv,i̇zmir,3
diyanettv,geçmişolsuni̇zmir,1
diyanettv,deprem,4
diyanettv,medyavedin,44
diyanettv,kabekutsalımızdır,1
diyanettv,harflerköyü,14
diyanettv,biri̇yiliksıcakbiryuva,8
diyanettv,öncüalimler,18
diyanettv,siyeribiliyormusun,23
diyanettv,birçocukbirdünya,2
diyanettv,ankara,1
diyanettv,kalecik,1
diyanettv,geçmişolsunankara,1
diyanettv,sarıkamış,3
diyanettv,soğuki̇şlemez,1
diyanettv,kpss,1
diyanettv,fethisekin,1
diyanettv,osmanlıpadişahları,4
diyanettv,i̇yikivarsıneren,1
diyanettv,ayasofyakebircamiiserifi,1
diyanettv,yoluni̇yilikolsun,1
diyanettv,birdamlahayat,1
diyanettv,yargaliga,1
diyanettv,mehmetakifersoy,1
diyanettv,bestehan,9
diyanettv,22aralık1914,2
diyanettv,gaziantep,1
diyanettv,namazgahlar,4
diyanettv,17aralık2016,1
diyanettv,notoracism,2
diyanettv,3aralıkdünyaengellilergünü,4
diyanettv,3aralikdünyaengellilergünü,1
diyanettv,i̇stismar,1
diyanettv,nelerdeğiştihayatta,4
diyanettv,24kasımöğretmenlergünü,1
diyanettv,taktakiletıktık,1
diyanettv,kktc37yaşında,1
diyanettv,düzcedepremi,1
diyanettv,12kasım1999,1
diyanettv,düşüncedeyolculuk,3
diyanettv,ailem,2
diyanettv,azerbaycan,2
diyanettv,karabağ,1
diyanettv,elif,2
diyanettv,ayda,2
diyanettv,ayla,1
diyanettv,29ekim,1
diyanettv,mevlidkandili,1
diyanettv,mevlidinebihaftası,1
diyanettv,hatay,1
diyanettv,i̇skenderun,1
